Roll_No,Name,Age
101,John,20
102,Alice,22
103,Bob,23
104,Charlie,21
105,David,24
106,Eve,20
107,Frank,22
108,Grace,23
109,Heidi,21
1,Ggmntsi,20
2,Ttiqmhg,22
3,Emamwfh,24
4,Ydbxgla,21
5,Ifqlrmy,25
6,Sovzfpm,24
7,Fzpwtbi,23
8,Ixumihd,25
9,Shojvkq,20
10,Lxjorfr,24
11,Abgnagh,24
12,Mhdafoe,23
13,Ccfaiml,21
14,Tirryib,25
15,Jghtldj,24
16,Bvcamwj,21
17,Swdiguw,22
18,Gamyyhk,18
19,Vznrjjc,21
20,Artbntv,20
21,Azgsfci,22
22,Brknykh,25
23,Pozgejh,19
24,Uszceww,20
25,Futysyg,18
26,Zspyiun,21
27,Tpciojp,23
28,Fzkrksq,19
29,Qwbhmeg,25
30,Jbcxwub,23
31,Mvjyfvo,23
32,Rlqmxfa,20
33,Mcxyyyb,19
34,Ckezokl,22
35,Ztehhfl,25
36,Fdhvdeo,19
37,Qhymgop,19
38,Guppcuz,22
39,Xnaauuv,25
40,Utisdca,20
41,Hdqmtzm,25
42,Rkdbjkv,20
43,Fntxdat,20
44,Hjvmydt,22
45,Crvouru,25
46,Wxvrwwc,24
47,Uhyvyej,21
48,Ukcvort,23
49,Yokozrk,18
50,Owgohhd,19
51,Zzugxsi,22
52,Uadbqjf,19
53,Tdmxchl,25
54,Ffjohlb,24
55,Lgkcjfq,22
56,Gwgfzsk,21
57,Acffqep,25
58,Prywypw,18
59,Fvirzus,24
60,Argnlor,20
61,Jsvbmik,19
62,Yxuqlge,25
63,Tnhotan,22
64,Cfmclyn,20
65,Oiaglld,25
66,Ulfpciw,23
67,Jpnrdzj,24
68,Pjntaae,25
69,Nopqacf,20
70,Bofffhn,21
71,Dibeokh,23
72,Yrizgnr,20
73,Qobzviq,19
74,Zclihxy,21
75,Aqdnyaw,18
76,Jgtiqfy,19
77,Nomowzd,20
78,Wptusxf,21
79,Mndjudj,24
80,Vozpcnr,18
81,Hmbrirq,23
82,Furxten,20
83,Qvzuiwz,25
84,Qinapgj,23
85,Tizhztx,22
86,Lzsefrg,22
87,Keraqkg,22
88,Wnchenq,24
89,Mjujdyo,21
90,Kpfcsxa,25
91,Dopvaqe,21
92,Wmucblp,19
93,Nnjeyzm,23
94,Rcchjlw,20
95,Nfctpcd,21
96,Vmurlwx,18
97,Pzghpzz,20
98,Qberknq,18
99,Milwjvf,24
100,Bxgrbmr,21
1,Ggmntsi,20
2,Ttiqmhg,22
3,Emamwfh,24
4,Ydbxgla,21
5,Ifqlrmy,25
6,Sovzfpm,24
7,Fzpwtbi,23
8,Ixumihd,25
9,Shojvkq,20
10,Lxjorfr,24
11,Abgnagh,24
12,Mhdafoe,23
13,Ccfaiml,21
14,Tirryib,25
15,Jghtldj,24
16,Bvcamwj,21
17,Swdiguw,22
18,Gamyyhk,18
19,Vznrjjc,21
20,Artbntv,20
21,Azgsfci,22
22,Brknykh,25
23,Pozgejh,19
24,Uszceww,20
25,Futysyg,18
26,Zspyiun,21
27,Tpciojp,23
28,Fzkrksq,19
29,Qwbhmeg,25
30,Jbcxwub,23
31,Mvjyfvo,23
32,Rlqmxfa,20
33,Mcxyyyb,19
34,Ckezokl,22
35,Ztehhfl,25
36,Fdhvdeo,19
37,Qhymgop,19
38,Guppcuz,22
39,Xnaauuv,25
40,Utisdca,20
41,Hdqmtzm,25
42,Rkdbjkv,20
43,Fntxdat,20
44,Hjvmydt,22
45,Crvouru,25
46,Wxvrwwc,24
47,Uhyvyej,21
48,Ukcvort,23
49,Yokozrk,18
50,Owgohhd,19
51,Zzugxsi,22
52,Uadbqjf,19
53,Tdmxchl,25
54,Ffjohlb,24
55,Lgkcjfq,22
56,Gwgfzsk,21
57,Acffqep,25
58,Prywypw,18
59,Fvirzus,24
60,Argnlor,20
61,Jsvbmik,19
62,Yxuqlge,25
63,Tnhotan,22
64,Cfmclyn,20
65,Oiaglld,25
66,Ulfpciw,23
67,Jpnrdzj,24
68,Pjntaae,25
69,Nopqacf,20
70,Bofffhn,21
71,Dibeokh,23
72,Yrizgnr,20
73,Qobzviq,19
74,Zclihxy,21
75,Aqdnyaw,18
76,Jgtiqfy,19
77,Nomowzd,20
78,Wptusxf,21
79,Mndjudj,24
80,Vozpcnr,18
81,Hmbrirq,23
82,Furxten,20
83,Qvzuiwz,25
84,Qinapgj,23
85,Tizhztx,22
86,Lzsefrg,22
87,Keraqkg,22
88,Wnchenq,24
89,Mjujdyo,21
90,Kpfcsxa,25
91,Dopvaqe,21
92,Wmucblp,19
93,Nnjeyzm,23
94,Rcchjlw,20
95,Nfctpcd,21
96,Vmurlwx,18
97,Pzghpzz,20
98,Qberknq,18
99,Milwjvf,24
100,Bxgrbmr,21
1,Ggmntsi,20
2,Ttiqmhg,22
3,Emamwfh,24
4,Ydbxgla,21
5,Ifqlrmy,25
6,Sovzfpm,24
7,Fzpwtbi,23
8,Ixumihd,25
9,Shojvkq,20
10,Lxjorfr,24
11,Abgnagh,24
12,Mhdafoe,23
13,Ccfaiml,21
14,Tirryib,25
15,Jghtldj,24
16,Bvcamwj,21
17,Swdiguw,22
18,Gamyyhk,18
19,Vznrjjc,21
20,Artbntv,20
21,Azgsfci,22
22,Brknykh,25
23,Pozgejh,19
24,Uszceww,20
25,Futysyg,18
26,Zspyiun,21
27,Tpciojp,23
28,Fzkrksq,19
29,Qwbhmeg,25
30,Jbcxwub,23
31,Mvjyfvo,23
32,Rlqmxfa,20
33,Mcxyyyb,19
34,Ckezokl,22
35,Ztehhfl,25
36,Fdhvdeo,19
37,Qhymgop,19
38,Guppcuz,22
39,Xnaauuv,25
40,Utisdca,20
41,Hdqmtzm,25
42,Rkdbjkv,20
43,Fntxdat,20
44,Hjvmydt,22
45,Crvouru,25
46,Wxvrwwc,24
47,Uhyvyej,21
48,Ukcvort,23
49,Yokozrk,18
50,Owgohhd,19
51,Zzugxsi,22
52,Uadbqjf,19
53,Tdmxchl,25
54,Ffjohlb,24
55,Lgkcjfq,22
56,Gwgfzsk,21
57,Acffqep,25
58,Prywypw,18
59,Fvirzus,24
60,Argnlor,20
61,Jsvbmik,19
62,Yxuqlge,25
63,Tnhotan,22
64,Cfmclyn,20
65,Oiaglld,25
66,Ulfpciw,23
67,Jpnrdzj,24
68,Pjntaae,25
69,Nopqacf,20
70,Bofffhn,21
71,Dibeokh,23
72,Yrizgnr,20
73,Qobzviq,19
74,Zclihxy,21
75,Aqdnyaw,18
76,Jgtiqfy,19
77,Nomowzd,20
78,Wptusxf,21
79,Mndjudj,24
80,Vozpcnr,18
81,Hmbrirq,23
82,Furxten,20
83,Qvzuiwz,25
84,Qinapgj,23
85,Tizhztx,22
86,Lzsefrg,22
87,Keraqkg,22
88,Wnchenq,24
89,Mjujdyo,21
90,Kpfcsxa,25
91,Dopvaqe,21
92,Wmucblp,19
93,Nnjeyzm,23
94,Rcchjlw,20
95,Nfctpcd,21
96,Vmurlwx,18
97,Pzghpzz,20
98,Qberknq,18
99,Milwjvf,24
100,Bxgrbmr,21
